{
  "id": "metallic-guardian",
  "title": "Metallic Guardian",
  "description": "The Metallic Guardian system for FoundryVTT!",
  "authors": [
    {
      "name": "Wookyung Choi",
      "discord": "asacolips"
    }
  ],
  "url": "Replace this with a link to your public repository",
  "license": "LICENSE.txt",
  "readme": "README.md",
  "bugs": "Replace this with a link to file issues or tickets",
  "changelog": "CHANGELOG.md",
  "media": [
    {
      "type": "setup",
      "url": "systems/metallic-guardian/assets/anvil-impact.png",
      "thumbnail": "systems/metallic-guardian/assets/anvil-impact.png"
    }
  ],
  "version": "2.0.0",
  "compatibility": {
    "minimum": 11,
    "verified": "11.315"
  },
  "esmodules": ["module/metallic-guardian.mjs"],
  "styles": ["css/metallic-guardian.css"],
  "languages": [
    {
      "lang": "en",
      "name": "English",
      "path": "lang/en.json"
    },
    {
      "lang": "ko",
      "name": "한국어",
      "path": "lang/ko.json"
    }
  ],
  "packs": [],
  "packFolders": [],
  "socket": false,
  "manifest": "https://raw.githubusercontent.com/Leafsan/metallic-guardian/main/system.json",
  "download": "https://github.com/Leafsan/metallic-guardian/releases/download/test/metallic-guardian.zip",
  "background": "systems/metallic-guardian/assets/anvil-impact.png",
  "primaryTokenAttribute": "HP",
  "secondaryTokenAttribute": "FP"
}
